creativeId,lastShown,firstShown,live,duration,youtubeUrl,videoId,destination,nRegions,regions,servedIndia,impMin,impMax,transparencyUrl
CR00997749747861159937,2026-08-20,2025-08-15,YES,0:27,https://www.youtube.com/watch?v=8Reb-5dDDEg,8Reb-5dDDEg,http://www.omnisend.com/features/automation/,40,CL VN MY NG KR GR DO JP MK TH PH GB PK ZA RO JM PA MX AU CO DE BD PT TR BG IL CA PL BR HR NL RS FR ES AE US CY AR SE IN,yes,1000,2000,https://adstransparency.google.com/advertiser/AR02247994610099945473/creative/CR00997749747861159937
CR00898114984859402241,2026-08-20,2026-07-03,YES,2:07,https://www.youtube.com/watch?v=uZaNLOGqo1Y,uZaNLOGqo1Y,https://www.omnisend.com/blog/omnisend-new-email-builder/,40,HR BD SI HU PH MX DE FI TR ZA CO GR VN TH RO PK GB CY AE MY ES CL IN EE SE AR IE BG NG PL PT CA IT LV BE FR SK NL BR US,yes,,,https://adstransparency.google.com/advertiser/AR02247994610099945473/creative/CR00898114984859402241
CR05622734660074209281,2026-08-20,2026-04-20,YES,,,,https://www.omnisend.com/features/,31,PT SK NL PL CA DE BG FR SI BR LV AE BD ES BE US IN IE GR NG MY CZ IT TH PK VN ZA HU PH FI RO,yes,1000,2000,https://adstransparency.google.com/advertiser/AR02247994610099945473/creative/CR05622734660074209281
CR13508537607599947777,2026-08-20,2026-04-20,YES,,,,https://www.omnisend.com/features/,27,BR SI BD VN CO IT TR DE CY IN MX FI RO SE ES FR NG ZA PK US PH BG GR PT PL NL HR,yes,,1000,https://adstransparency.google.com/advertiser/AR02247994610099945473/creative/CR13508537607599947777
CR17779722192213245953,2026-08-20,2026-03-17,YES,,,,https://www.omnisend.com/demo/,19,BA DE IT BG GR BD DK NL PT SK US HU HR PK ES RO PH FR IN,yes,,1000,https://adstransparency.google.com/advertiser/AR02247994610099945473/creative/CR17779722192213245953
CR12152531769857409025,2026-08-20,,YES,,,,https://www.omnisend.com/,4,AU GB US CA,no,,,https://adstransparency.google.com/advertiser/AR02247994610099945473/creative/CR12152531769857409025
CR03438236915197804545,2026-08-20,,YES,,,,https://www.omnisend.com/,4,AU GB US CA,no,,,https://adstransparency.google.com/advertiser/AR02247994610099945473/creative/CR03438236915197804545
CR08491156949851701249,2026-08-20,,YES,,,,https://www.omnisend.com/,4,GB US CA AU,no,,,https://adstransparency.google.com/advertiser/AR02247994610099945473/creative/CR08491156949851701249
CR16207019380188381185,2026-08-20,,YES,,,,https://www.omnisend.com/,4,GB US CA AU,no,,,https://adstransparency.google.com/advertiser/AR02247994610099945473/creative/CR16207019380188381185
CR12791116647117094913,2026-08-20,,YES,,,,https://www.omnisend.com/migrate-from-klaviyo/,1,US,no,,,https://adstransparency.google.com/advertiser/AR02247994610099945473/creative/CR12791116647117094913
CR07045362724842242049,2026-08-20,,YES,,,,https://www.omnisend.com/shopify-email-marketing/,1,US,no,,,https://adstransparency.google.com/advertiser/AR02247994610099945473/creative/CR07045362724842242049
CR02009282397962502145,2026-08-20,,YES,8:48,https://www.youtube.com/watch?v=HM2SJ3xi5Ug,HM2SJ3xi5Ug,https://support.omnisend.com/en/articles/16095649-what-s-new-august-2026,1,IN,yes,,,https://adstransparency.google.com/advertiser/AR02247994610099945473/creative/CR02009282397962502145
CR06249758352956456961,2026-08-19,2025-08-14,YES,0:27,https://www.youtube.com/watch?v=1p-E8u2UpPU,1p-E8u2UpPU,http://www.omnisend.com/features/automation/,42,CL IN NG KR GR VN DO GB TH MK JP AU ZA JM PK PA PH MX TR CO DE RO IL BD SK PT NL BG HR PL CA FR ES RS BR US AE CY IT SE AR MY,yes,1000,2000,https://adstransparency.google.com/advertiser/AR02247994610099945473/creative/CR06249758352956456961
CR12346749503787761665,2026-08-19,,YES,,,,https://www.omnisend.com/,4,GB US CA AU,no,,,https://adstransparency.google.com/advertiser/AR02247994610099945473/creative/CR12346749503787761665
CR09437692425343598593,2026-08-19,,YES,,,,https://www.omnisend.com/,4,CA US GB AU,no,,,https://adstransparency.google.com/advertiser/AR02247994610099945473/creative/CR09437692425343598593
CR15772682600402911233,2026-08-19,,YES,,,,https://www.omnisend.com/,4,CA US GB AU,no,,,https://adstransparency.google.com/advertiser/AR02247994610099945473/creative/CR15772682600402911233
CR13723279787647041537,2026-08-19,,YES,,,,https://www.omnisend.com/,4,CA US GB AU,no,,,https://adstransparency.google.com/advertiser/AR02247994610099945473/creative/CR13723279787647041537
CR14352717415358398465,2026-08-19,,YES,,,,https://www.omnisend.com/2026-bfcm/,1,US,no,,,https://adstransparency.google.com/advertiser/AR02247994610099945473/creative/CR14352717415358398465
CR14902617952464404481,2026-08-19,,YES,,,,https://www.omnisend.com/woocommerce-plugin/,1,US,no,,,https://adstransparency.google.com/advertiser/AR02247994610099945473/creative/CR14902617952464404481
CR08089279333866143745,2026-08-06,,no,6:44,https://www.youtube.com/watch?v=DeacrOoZIX4,DeacrOoZIX4,https://support.omnisend.com/en/articles/15700809-what-s-new-july-2026,1,IN,yes,,,https://adstransparency.google.com/advertiser/AR02247994610099945473/creative/CR08089279333866143745
CR17219436561624465409,2026-07-03,2026-06-10,no,9:10,https://www.youtube.com/watch?v=kJzDtw94m3M,kJzDtw94m3M,https://support.omnisend.com/en/articles/15259528-what-s-new-june-2026,9,ES ZA BD VN PH IN PK IT GR,yes,,,https://adstransparency.google.com/advertiser/AR02247994610099945473/creative/CR17219436561624465409
CR04114088089813516289,2026-07-03,2026-06-19,no,,,,https://www.omnisend.com/katuciaveiki/,1,LT,no,,,https://adstransparency.google.com/advertiser/AR02247994610099945473/creative/CR04114088089813516289
CR09907969010425659393,2026-07-03,2026-06-19,no,,,,https://www.omnisend.com/katuciaveiki/,1,LT,no,,,https://adstransparency.google.com/advertiser/AR02247994610099945473/creative/CR09907969010425659393
CR09982278404277272577,2026-07-03,2026-06-19,no,,,,https://www.omnisend.com/katuciaveiki/,1,LT,no,,,https://adstransparency.google.com/advertiser/AR02247994610099945473/creative/CR09982278404277272577
CR18038092237736247297,2026-07-03,2026-06-19,no,,,,https://www.omnisend.com/katuciaveiki/,1,LT,no,,,https://adstransparency.google.com/advertiser/AR02247994610099945473/creative/CR18038092237736247297
CR15832348767115280385,2026-07-03,2026-06-19,no,,,,https://www.omnisend.com/katuciaveiki/,1,LT,no,,,https://adstransparency.google.com/advertiser/AR02247994610099945473/creative/CR15832348767115280385
CR08575466470677413889,2026-07-03,2026-06-19,no,,,,https://www.omnisend.com/katuciaveiki/,1,LT,no,,,https://adstransparency.google.com/advertiser/AR02247994610099945473/creative/CR08575466470677413889
CR10863858031335047169,2026-07-03,2026-06-19,no,,,,https://www.omnisend.com/katuciaveiki/,1,LT,no,,,https://adstransparency.google.com/advertiser/AR02247994610099945473/creative/CR10863858031335047169
CR15848111365811077121,2026-07-03,2026-06-19,no,,,,https://www.omnisend.com/katuciaveiki/,1,LT,no,,,https://adstransparency.google.com/advertiser/AR02247994610099945473/creative/CR15848111365811077121
CR02576003263950225409,2026-07-03,2026-06-19,no,,,,https://www.omnisend.com/katuciaveiki/,1,LT,no,,,https://adstransparency.google.com/advertiser/AR02247994610099945473/creative/CR02576003263950225409
CR01064025242176847873,2026-07-03,2026-06-19,no,,,,https://www.omnisend.com/katuciaveiki/,1,LT,no,,,https://adstransparency.google.com/advertiser/AR02247994610099945473/creative/CR01064025242176847873
CR08046410062693924865,2026-07-03,2026-06-22,no,,,,https://www.omnisend.com/katuciaveiki/,1,LT,no,,,https://adstransparency.google.com/advertiser/AR02247994610099945473/creative/CR08046410062693924865
CR00346721448401829889,2026-07-03,2026-06-19,no,,,,https://www.omnisend.com/katuciaveiki/,1,LT,no,,,https://adstransparency.google.com/advertiser/AR02247994610099945473/creative/CR00346721448401829889
CR02058089306802618369,2026-07-03,2026-06-19,no,,,,https://www.omnisend.com/katuciaveiki/,1,LT,no,,,https://adstransparency.google.com/advertiser/AR02247994610099945473/creative/CR02058089306802618369
CR10624604301130989569,2026-07-03,2026-06-19,no,,,,https://www.omnisend.com/katuciaveiki/,1,LT,no,,,https://adstransparency.google.com/advertiser/AR02247994610099945473/creative/CR10624604301130989569
CR03344992900323737601,2026-07-03,2026-06-19,no,,,,https://www.omnisend.com/katuciaveiki/,1,LT,no,,,https://adstransparency.google.com/advertiser/AR02247994610099945473/creative/CR03344992900323737601
CR04168131285341962241,2026-07-03,2026-06-19,no,,,,https://www.omnisend.com/katuciaveiki/,1,LT,no,,,https://adstransparency.google.com/advertiser/AR02247994610099945473/creative/CR04168131285341962241
CR04105080890558775297,2026-07-03,2026-06-19,no,,,,https://www.omnisend.com/katuciaveiki/,1,LT,no,,,https://adstransparency.google.com/advertiser/AR02247994610099945473/creative/CR04105080890558775297
CR14106344209925537793,2026-07-03,2026-06-19,no,,,,https://www.omnisend.com/katuciaveiki/,1,LT,no,,,https://adstransparency.google.com/advertiser/AR02247994610099945473/creative/CR14106344209925537793
CR13204603937660862465,2026-07-03,2026-06-19,no,,,,https://www.omnisend.com/katuciaveiki/,1,LT,no,,,https://adstransparency.google.com/advertiser/AR02247994610099945473/creative/CR13204603937660862465
CR04849195175865483265,2026-07-03,2026-06-19,no,,,,https://www.omnisend.com/katuciaveiki/,1,LT,no,,,https://adstransparency.google.com/advertiser/AR02247994610099945473/creative/CR04849195175865483265
CR14498157377506770945,2026-07-03,2026-06-19,no,,,,https://www.omnisend.com/katuciaveiki/,1,LT,no,,,https://adstransparency.google.com/advertiser/AR02247994610099945473/creative/CR14498157377506770945
CR14549678293361098753,2026-07-03,2026-06-22,no,,,,https://www.omnisend.com/katuciaveiki/,1,LT,no,,,https://adstransparency.google.com/advertiser/AR02247994610099945473/creative/CR14549678293361098753
CR03717421677907279873,2026-07-03,2026-06-22,no,,,,https://www.omnisend.com/katuciaveiki/,1,LT,no,,,https://adstransparency.google.com/advertiser/AR02247994610099945473/creative/CR03717421677907279873
CR18249882366501715969,2026-07-03,2026-06-22,no,,,,https://www.omnisend.com/katuciaveiki/,1,LT,no,,,https://adstransparency.google.com/advertiser/AR02247994610099945473/creative/CR18249882366501715969
CR16397834194350243841,2026-07-03,2026-06-22,no,,,,https://www.omnisend.com/katuciaveiki/,1,LT,no,,,https://adstransparency.google.com/advertiser/AR02247994610099945473/creative/CR16397834194350243841
CR10879807547007565825,2026-07-03,2026-06-22,no,,,,https://www.omnisend.com/katuciaveiki/,1,LT,no,,,https://adstransparency.google.com/advertiser/AR02247994610099945473/creative/CR10879807547007565825
CR12033846155428233217,2026-07-03,2026-06-22,no,,,,https://www.omnisend.com/katuciaveiki/,1,LT,no,,,https://adstransparency.google.com/advertiser/AR02247994610099945473/creative/CR12033846155428233217
CR12992980934662815745,2026-07-03,2026-06-22,no,,,,https://www.omnisend.com/katuciaveiki/,1,LT,no,,,https://adstransparency.google.com/advertiser/AR02247994610099945473/creative/CR12992980934662815745
CR05000947571707871233,2026-07-03,2026-06-22,no,,,,https://www.omnisend.com/katuciaveiki/,1,LT,no,,,https://adstransparency.google.com/advertiser/AR02247994610099945473/creative/CR05000947571707871233
CR02975101795577102337,2026-07-03,2026-06-22,no,,,,https://www.omnisend.com/katuciaveiki/,1,LT,no,,,https://adstransparency.google.com/advertiser/AR02247994610099945473/creative/CR02975101795577102337
CR13767600070570541057,2026-07-01,,no,,,,https://www.omnisend.com/,1,US,no,,,https://adstransparency.google.com/advertiser/AR02247994610099945473/creative/CR13767600070570541057
CR11168811979345231873,2026-07-01,,no,,,,https://www.omnisend.com/,1,US,no,,,https://adstransparency.google.com/advertiser/AR02247994610099945473/creative/CR11168811979345231873
CR00909823134427774977,2026-07-01,,no,,,,https://www.omnisend.com/,1,US,no,,,https://adstransparency.google.com/advertiser/AR02247994610099945473/creative/CR00909823134427774977
CR04846341324716113921,2026-07-01,,no,,,,https://www.omnisend.com/,1,US,no,,,https://adstransparency.google.com/advertiser/AR02247994610099945473/creative/CR04846341324716113921
CR03091555951157706753,2026-07-01,,no,,,,https://www.omnisend.com/,1,US,no,,,https://adstransparency.google.com/advertiser/AR02247994610099945473/creative/CR03091555951157706753
CR15044722408650964993,2026-07-01,,no,,,,https://www.omnisend.com/,1,US,no,,,https://adstransparency.google.com/advertiser/AR02247994610099945473/creative/CR15044722408650964993
CR02314395843878191105,2026-07-01,,no,,,,https://www.omnisend.com/,1,US,no,,,https://adstransparency.google.com/advertiser/AR02247994610099945473/creative/CR02314395843878191105
CR15050896647477264385,2026-07-01,,no,,,,https://www.omnisend.com/,1,US,no,,,https://adstransparency.google.com/advertiser/AR02247994610099945473/creative/CR15050896647477264385
CR04239179527705591809,2026-07-01,,no,,,,https://www.omnisend.com/migrate-from-klaviyo/,1,US,no,,,https://adstransparency.google.com/advertiser/AR02247994610099945473/creative/CR04239179527705591809
CR15175740008058322945,2026-07-01,,no,,,,https://www.omnisend.com/,1,US,no,,,https://adstransparency.google.com/advertiser/AR02247994610099945473/creative/CR15175740008058322945
CR02827587398584500225,2026-07-01,,no,,,,https://www.omnisend.com/,1,US,no,,,https://adstransparency.google.com/advertiser/AR02247994610099945473/creative/CR02827587398584500225
CR02086742579822460929,2026-07-01,,no,,,,https://www.omnisend.com/,1,US,no,,,https://adstransparency.google.com/advertiser/AR02247994610099945473/creative/CR02086742579822460929
CR12837720478252531713,2026-07-01,,no,,,,https://www.omnisend.com/,1,US,no,,,https://adstransparency.google.com/advertiser/AR02247994610099945473/creative/CR12837720478252531713
CR12277532498040193025,2026-07-01,,no,,,,https://www.omnisend.com/,1,US,no,,,https://adstransparency.google.com/advertiser/AR02247994610099945473/creative/CR12277532498040193025
CR01823730602365419521,2026-07-01,,no,,,,https://www.omnisend.com/,1,US,no,,,https://adstransparency.google.com/advertiser/AR02247994610099945473/creative/CR01823730602365419521
CR13618387546588315649,2026-07-01,,no,,,,https://www.omnisend.com/,1,US,no,,,https://adstransparency.google.com/advertiser/AR02247994610099945473/creative/CR13618387546588315649
CR14960878324841185281,2026-06-15,,no,,,,https://www.omnisend.com/migrate-from-klaviyo/,1,US,no,,,https://adstransparency.google.com/advertiser/AR02247994610099945473/creative/CR14960878324841185281
CR04754073951045419009,2026-06-06,2026-05-18,no,6:17,https://www.youtube.com/watch?v=Zu7GGEFJ-F0,Zu7GGEFJ-F0,https://support.omnisend.com/en/articles/14782296-what-s-new-may-2026,25,RO MY NG BD GR LV PL VN PT BR NL BG DE FR PK HR ZA US ES IT PH CO MX IN IE,yes,,1000,https://adstransparency.google.com/advertiser/AR02247994610099945473/creative/CR04754073951045419009
CR16668858038160982017,2026-06-03,,no,,,,https://www.omnisend.com/sms-prices/,1,US,no,,,https://adstransparency.google.com/advertiser/AR02247994610099945473/creative/CR16668858038160982017
CR09209557850072809473,2026-06-03,,no,,,,https://www.omnisend.com/sms-prices/,1,US,no,,,https://adstransparency.google.com/advertiser/AR02247994610099945473/creative/CR09209557850072809473
CR12190215125717745665,2026-05-31,,no,,,,https://www.omnisend.com/sms-prices/,1,US,no,,,https://adstransparency.google.com/advertiser/AR02247994610099945473/creative/CR12190215125717745665
CR05943777418136256513,2026-05-31,,no,,,,https://www.omnisend.com/sms-prices/,1,US,no,,,https://adstransparency.google.com/advertiser/AR02247994610099945473/creative/CR05943777418136256513
CR12884554176037650433,2026-05-27,,no,,,,https://www.omnisend.com/migrate-from-klaviyo/,1,US,no,,,https://adstransparency.google.com/advertiser/AR02247994610099945473/creative/CR12884554176037650433
CR10322360374405365761,2026-05-13,,no,,,,https://www.omnisend.com/sms-prices/,1,US,no,,,https://adstransparency.google.com/advertiser/AR02247994610099945473/creative/CR10322360374405365761
CR08259571900934520833,2026-05-07,,no,,,,https://www.omnisend.com/shopify-email-marketing/,1,US,no,,,https://adstransparency.google.com/advertiser/AR02247994610099945473/creative/CR08259571900934520833
CR05265298865996693505,2026-05-07,,no,,,,https://www.omnisend.com/shopify-email-marketing/,1,US,no,,,https://adstransparency.google.com/advertiser/AR02247994610099945473/creative/CR05265298865996693505
CR12578477764094459905,2026-05-07,,no,,,,https://www.omnisend.com/woocommerce-plugin/,1,US,no,,,https://adstransparency.google.com/advertiser/AR02247994610099945473/creative/CR12578477764094459905
CR03989568466687361025,2026-05-06,2026-04-20,no,6:51,https://www.youtube.com/watch?v=BjPZwrtOaXc,BjPZwrtOaXc,https://support.omnisend.com/en/articles/14320182-what-s-new-april-2026,17,BD VN PK US MX IT DE RO ES ZA GR IN PH BG PL PT FR,yes,,1000,https://adstransparency.google.com/advertiser/AR02247994610099945473/creative/CR03989568466687361025
CR17134480665400573953,2026-04-21,2026-04-20,no,,,,,1,LT,no,5000,6000,https://adstransparency.google.com/advertiser/AR02247994610099945473/creative/CR17134480665400573953
CR16024468426701406209,2026-04-20,2026-03-16,no,,,,https://www.omnisend.com/features/,11,BG BD VN PK IN ES PH ZA PL FR RO,yes,,1000,https://adstransparency.google.com/advertiser/AR02247994610099945473/creative/CR16024468426701406209
CR08790114024005042177,2026-04-20,,no,,,,https://apps.shopify.com/omnisend,7,PH ZA BD PK IN CO BR,yes,,,https://adstransparency.google.com/advertiser/AR02247994610099945473/creative/CR08790114024005042177
CR10667640079595339777,2026-04-20,,no,,,,https://apps.shopify.com/omnisend,7,BD PK CO BR ZA PH IN,yes,,,https://adstransparency.google.com/advertiser/AR02247994610099945473/creative/CR10667640079595339777
CR14826450452681326593,2026-04-20,,no,,,,https://apps.shopify.com/omnisend,6,BR PK BD ZA CO IN,yes,,,https://adstransparency.google.com/advertiser/AR02247994610099945473/creative/CR14826450452681326593
CR14225370535520370689,2026-04-20,2026-03-16,no,,,,https://www.omnisend.com/changelog/,2,GB IE,no,,1000,https://adstransparency.google.com/advertiser/AR02247994610099945473/creative/CR14225370535520370689
CR01856997769772793857,2026-04-20,,no,,,,https://www.omnisend.com/integration/,2,US CA,no,,,https://adstransparency.google.com/advertiser/AR02247994610099945473/creative/CR01856997769772793857
CR16108357315610017793,2026-04-20,,no,,,,https://www.omnisend.com/changelog/,2,CA US,no,,,https://adstransparency.google.com/advertiser/AR02247994610099945473/creative/CR16108357315610017793
CR03720285149783392257,2026-04-20,,no,,,,https://www.omnisend.com/integration/,1,AU,no,,,https://adstransparency.google.com/advertiser/AR02247994610099945473/creative/CR03720285149783392257
CR00279062244472389633,2026-04-20,,no,,,,https://www.omnisend.com/integration/,1,GB,no,,,https://adstransparency.google.com/advertiser/AR02247994610099945473/creative/CR00279062244472389633
CR17440824396108267521,2026-04-20,,no,,,,https://www.omnisend.com/changelog/,1,AU,no,,,https://adstransparency.google.com/advertiser/AR02247994610099945473/creative/CR17440824396108267521
CR00521127975664484353,2026-04-06,2026-03-20,no,10:20,https://www.youtube.com/watch?v=DSdYaIthom4,DSdYaIthom4,https://support.omnisend.com/en/articles/13784693-what-s-new-march-2026,10,ES US ZA BD VN IN PK PH GR FR,yes,,1000,https://adstransparency.google.com/advertiser/AR02247994610099945473/creative/CR00521127975664484353
CR01502623771981250561,2026-03-16,2025-08-08,no,0:35,https://www.youtube.com/watch?v=GSFa1U4dRY4,GSFa1U4dRY4,https://www.omnisend.com/demo/,11,FR IE ZA US RO IT NL ES PL BG DE,no,,1000,https://adstransparency.google.com/advertiser/AR02247994610099945473/creative/CR01502623771981250561
CR15760209302410756097,2026-03-16,2025-08-08,no,0:22,https://www.youtube.com/watch?v=__3RXIucJ0w,__3RXIucJ0w,https://www.omnisend.com/email-marketing-tool-campaign/,9,BG PH US GR FR NL SE ES DE,no,,1000,https://adstransparency.google.com/advertiser/AR02247994610099945473/creative/CR15760209302410756097
CR09704317647117615105,2026-03-16,2025-08-08,no,0:18,https://www.youtube.com/watch?v=Osh3ufXRR_U,Osh3ufXRR_U,https://www.omnisend.com/email-marketing-tool-campaign/,9,CA BG US PH FR GR NL DE ES,no,,1000,https://adstransparency.google.com/advertiser/AR02247994610099945473/creative/CR09704317647117615105
CR00911975909475483649,2026-03-06,2026-02-12,no,4:44,https://www.youtube.com/watch?v=YcWG1bVkcLc,YcWG1bVkcLc,https://support.omnisend.com/en/articles/13454152-what-s-new-february-2026,25,PK ZA US ES PH IT IN MX RO DE CO CY NG BD VN PL PT MY BR NL LV BG FR HR GR,yes,1000,2000,https://adstransparency.google.com/advertiser/AR02247994610099945473/creative/CR00911975909475483649
CR13417174925840482305,2026-02-06,2026-01-20,no,5:54,https://www.youtube.com/watch?v=svgC85U-KVc,svgC85U-KVc,https://support.omnisend.com/en/articles/13224090-what-s-new-january-2026,34,PL NL FI BD MX CA DE CO HU PH RO ZA PK TH GB GR IE VN NG MY ES SE IT CY IN SI BR FR US BE LV HR PT BG,yes,2000,3000,https://adstransparency.google.com/advertiser/AR02247994610099945473/creative/CR13417174925840482305
CR12317030434633416705,2026-02-04,,no,,,,https://www.omnisend.com/boring/,1,US,no,,,https://adstransparency.google.com/advertiser/AR02247994610099945473/creative/CR12317030434633416705
CR09281905208374329345,2026-02-04,,no,,,,https://www.omnisend.com/boring/,1,US,no,,,https://adstransparency.google.com/advertiser/AR02247994610099945473/creative/CR09281905208374329345
CR14310081077442510849,2026-02-04,,no,,,,https://www.omnisend.com/boring/,1,US,no,,,https://adstransparency.google.com/advertiser/AR02247994610099945473/creative/CR14310081077442510849
CR01710356591171076097,2026-01-31,,no,,,,https://www.omnisend.com/,1,US,no,,,https://adstransparency.google.com/advertiser/AR02247994610099945473/creative/CR01710356591171076097
CR08482678315042209793,2026-01-06,2025-12-10,no,4:00,https://www.youtube.com/watch?v=RmIewoj8jRQ,RmIewoj8jRQ,https://support.omnisend.com/en/articles/12942346-what-s-new-december-2025,35,SE IT NG IE GB VN IN MY ES CY FR SI BE US CA LV BR PL BG NL HR MX DE PT BD FI SK RO TR CO PH ZA TH PK GR,yes,3000,4000,https://adstransparency.google.com/advertiser/AR02247994610099945473/creative/CR08482678315042209793
CR11807043475285737473,2025-12-31,,no,,,,https://www.omnisend.com/housewarming-party-yotpo/,1,US,no,,,https://adstransparency.google.com/advertiser/AR02247994610099945473/creative/CR11807043475285737473
CR14016310056040005633,2025-12-07,2025-11-17,no,4:18,https://www.youtube.com/watch?v=qAKFxmfs54o,qAKFxmfs54o,https://support.omnisend.com/en/articles/12681819-what-s-new-november-2025,33,TH PK ES CY SE IN IE IT LV NG BD MY HR SK BG CA SI PL FR BR BE PT US NL ZA PH MX CO TR RO DE VN GR,yes,2000,3000,https://adstransparency.google.com/advertiser/AR02247994610099945473/creative/CR14016310056040005633
CR11392151696076439553,2025-12-02,2025-09-12,no,,,,https://www.omnisend.com/migrate-from-yotpo/,7,CA US GB IL DE AU FR,no,30000,35000,https://adstransparency.google.com/advertiser/AR02247994610099945473/creative/CR11392151696076439553
CR16121527927312482305,2025-11-15,,no,,,,https://www.omnisend.com/bfcm-2025/,1,US,no,,,https://adstransparency.google.com/advertiser/AR02247994610099945473/creative/CR16121527927312482305
CR05060461430289989633,2025-11-15,,no,1:31,https://www.youtube.com/watch?v=XAXqpCyd0Zk,XAXqpCyd0Zk,https://www.omnisend.com/yotpo-bfcm2025/,1,US,no,,,https://adstransparency.google.com/advertiser/AR02247994610099945473/creative/CR05060461430289989633
CR15727096410228654081,2025-11-15,,no,0:15,https://www.youtube.com/watch?v=NAXE8BCidow,NAXE8BCidow,https://www.omnisend.com/yotpo-bfcm2025/,1,US,no,,,https://adstransparency.google.com/advertiser/AR02247994610099945473/creative/CR15727096410228654081
CR08135177527644651521,2025-11-07,2025-10-06,no,3:09,https://www.youtube.com/watch?v=gmrrrz_4hkI,gmrrrz_4hkI,https://support.omnisend.com/en/articles/12395866-what-s-new-october-2025,35,US SI BR FR CA LV BD BE BG PL PT HR NG NL SE MY IN IE IT CL SK ES CY PK TH VN GR DE CO MX TR FI RO PH ZA,yes,2000,3000,https://adstransparency.google.com/advertiser/AR02247994610099945473/creative/CR08135177527644651521
CR13197001957216092161,2025-10-31,,no,,,,https://www.omnisend.com/bfcm-2025/,1,US,no,,,https://adstransparency.google.com/advertiser/AR02247994610099945473/creative/CR13197001957216092161
CR14633008123556659201,2025-10-31,,no,,,,https://www.omnisend.com/bfcm-2025/,1,US,no,,,https://adstransparency.google.com/advertiser/AR02247994610099945473/creative/CR14633008123556659201
CR16400926063997222913,2025-10-31,,no,1:31,https://www.youtube.com/watch?v=XAXqpCyd0Zk,XAXqpCyd0Zk,https://www.omnisend.com/yotpo-bfcm2025/,1,US,no,,,https://adstransparency.google.com/advertiser/AR02247994610099945473/creative/CR16400926063997222913
CR09176620098067103745,2025-10-31,,no,0:15,https://www.youtube.com/watch?v=NAXE8BCidow,NAXE8BCidow,https://www.omnisend.com/yotpo-bfcm2025/,1,US,no,,,https://adstransparency.google.com/advertiser/AR02247994610099945473/creative/CR09176620098067103745
CR11454595435319001089,2025-10-31,,no,,,,https://www.omnisend.com/bfcm-2025/,1,US,no,,,https://adstransparency.google.com/advertiser/AR02247994610099945473/creative/CR11454595435319001089
CR01517303351723687937,2025-10-31,,no,,,,https://www.omnisend.com/bfcm-2025/,1,US,no,,,https://adstransparency.google.com/advertiser/AR02247994610099945473/creative/CR01517303351723687937
CR11047404498111692801,2025-10-21,,no,,,,https://www.omnisend.com/another-feature-drop/,1,US,no,,,https://adstransparency.google.com/advertiser/AR02247994610099945473/creative/CR11047404498111692801
CR15617420949991718913,2025-10-10,2025-09-11,no,,,,https://www.omnisend.com/migrate-from-yotpo/,7,DE IL GB US AU CA FR,no,9000,10000,https://adstransparency.google.com/advertiser/AR02247994610099945473/creative/CR15617420949991718913
CR09578723869850599425,2025-10-06,2025-09-09,no,3:17,https://www.youtube.com/watch?v=GOsDKQFUb58,GOsDKQFUb58,https://support.omnisend.com/en/articles/12058505-what-s-new-september-2025,35,MY CY PK TH GR VN CO DE MX RO PH SI TR ZA US BR FR CA PT LV BG PL IE AR HR BD NG SK SE IT NL ES IN AE CL,yes,2000,3000,https://adstransparency.google.com/advertiser/AR02247994610099945473/creative/CR09578723869850599425
CR05736306007835934721,2025-09-30,,no,,,,https://www.omnisend.com/shopify-email-marketing/,1,US,no,,,https://adstransparency.google.com/advertiser/AR02247994610099945473/creative/CR05736306007835934721
CR17838334726138494977,2025-09-07,2025-08-12,no,3:30,https://www.youtube.com/watch?v=a--qsamtJUE,a--qsamtJUE,https://support.omnisend.com/en/articles/11882802-what-s-new-august-2025,38,SE NG GB MY IE IN IT CL ES AR CY SI US BE FR CA LV AE PL BG NL HR BR TR PT BD RO CO DE MX PH JM ZA TH PK HU VN GR,yes,3000,4000,https://adstransparency.google.com/advertiser/AR02247994610099945473/creative/CR17838334726138494977
CR16969558911986171905,2025-08-27,2025-08-19,no,,,,https://www.omnisend.com/migrate-from-yotpo/,2,DE FR,no,2000,3000,https://adstransparency.google.com/advertiser/AR02247994610099945473/creative/CR16969558911986171905
